ID;Experience;NASA_Option1;NASA_Option2;SUS_Option1;SUS_Option2
2;Intern;10;14.66666667;95;87.5
3;Junior;11.33333333;64.33333333;95;77.5
5;Intern;22.33333333;22.33333333;90;90
6;Intern;42;20.66666667;82.5;100
8;Senior;5;27.33333333;100;85
11;Senior;5;10;90;80
15;Junior;11;9.33333333;92.5;90
33;Intern;5;30.92473118;100;85
37;Intern;14.5925925925926;30.92473119;75;100
44;Intern;19.66666667;30.92473118;67.5;86.93548387
